customerID,Churn
7602-DBTOU,No
5345-BMKWB,No
3519-ZKXGG,Yes
5457-COLHT,No
6416-TVAIH,Yes
5451-YHYPW,Yes
5108-ADXWO,No
7998-WNZEM,No
3066-RRJIO,Yes
4664-NJCMS,No
0307-BCOPK,No
7629-WFGLW,No
2542-HYGIQ,No
6715-OFDBP,Yes
5016-LIPDW,No
6481-LXPWL,No
1567-DSCIC,No
2150-UWTFY,No
6124-ACRHJ,Yes
9362-MWODR,No
9975-GPKZU,Yes
9625-RZFUK,No
5153-LXKDT,Yes
5161-UBZXI,No
1020-JPQOW,No
7919-ZODZZ,No
0565-JUPYD,Yes
6867-ACCZI,Yes
5939-XAIXZ,No
9054-FOWNV,Yes
2683-BPJSO,No
2157-MXBJS,No
8207-VVMYB,No
9732-EQMWY,No
9360-AHGNL,No
1087-UDSIH,No
5269-NRGDP,Yes
6195-MELTI,No
5485-WUYWF,Yes
2121-JAFOM,Yes
8818-DOPVL,No
2632-UCGVD,No
5445-PZWGX,No
1227-UDMZR,No
5198-HQAEN,No
9170-CCKOU,No
2167-FQSTQ,No
2819-GWENI,Yes
1043-YCUTE,No
3814-MLAXC,No
3572-UUHRS,No
2692-PFYTJ,Yes
1226-UDFZR,No
5955-EPOAZ,Yes
6821-JPCDC,No
8815-LMFLX,Yes
9135-HSWOC,No
8582-KRHPJ,No
5811-IWXYM,No
7044-YAACC,No
8189-XRIKE,No
1506-YJTYT,No
4123-DVHPH,No
6425-YQLLO,No
5442-UTCVD,Yes
2228-BZDEE,No
7734-DBOAI,No
2789-CZANW,No
2091-RFFBA,No
2114-MGINA,No
7596-LDUXP,No
3740-RLMVT,No
4489-SNOJF,No
2192-OZITF,No
5651-CPDND,No
2186-QZEYA,No
1131-ALZWV,No
7729-XBTWX,No
9134-WYRVP,No
3284-SVCRO,No
9732-OUYRN,Yes
0559-CKHUS,No
2931-SVLTV,Yes
6899-PPEEA,No
7504-UWHNB,No
2582-FFFZR,No
8908-NMQTX,No
2187-LZGPL,No
1431-AIDJQ,No
6288-LBEAR,No
4597-NUCQV,No
9019-QVLZD,No
8413-YNHNV,No
5808-TOTXO,No
4369-NYSCF,No
6333-YDVLT,Yes
5324-KTGCG,No
5599-HVLTW,Yes
7394-LWLYN,No
3707-LRWZD,Yes
6873-UDNLD,No
2700-LUEVA,No
1455-ESIQH,No
0958-YHXGP,No
1101-SSWAG,Yes
2979-SXESE,No
4013-TLDHQ,No
5743-KHMNA,No
4194-FJARJ,No
5325-UWTWJ,No
3969-GYXEL,Yes
9208-OLGAQ,No
3244-CQPHU,No
2674-MLXMN,Yes
9708-HPXWZ,No
6992-TKNYO,No
4468-YDOVK,No
3754-DXMRT,Yes
5792-JALQC,No
7130-VTEWQ,No
2200-DSAAL,No
4302-ZYFEL,No
9351-LZYGF,Yes
4366-CTOUZ,No
6121-VZNQB,No
7903-CMPEY,No
1518-OMDIK,Yes
6671-NGWON,No
0595-ITUDF,No
6996-KNSML,No
1955-IBMMB,No
0096-BXERS,Yes
3806-YAZOV,No
7998-ZLXWN,Yes
6253-WRFHY,Yes
9133-AYJZG,No
2675-OTVVJ,No
8680-CGLTP,No
8430-TWCBX,No
5018-GWURO,Yes
6741-QRLUP,No
4737-HOBAX,Yes
0537-QYZZN,No
3340-QBBFM,No
1704-NRWYE,No
2592-SEIFQ,No
8200-KLNYW,No
3372-CDXFJ,Yes
4781-ZXYGU,No
7632-YUTXB,No
2718-YSKCS,No
9896-UYMIE,Yes
0853-NWIFK,No
8212-CRQXP,No
6980-CDGFC,No
7691-XVTZH,No
2520-SGTTA,No
7481-ATQQS,No
2277-VWCNI,No
1088-CNNKB,No
8642-GVWRF,No
1930-BZLHI,Yes
3400-ESFUW,No
5868-YTYKS,No
3525-DVKFN,No
1482-OXZSY,No
0377-JBKKT,Yes
5778-BVOFB,No
3373-YZZYM,Yes
2057-ZBLPD,No
0228-MAUWC,No
5502-RLUYV,Yes
0023-HGHWL,No
7663-YJHSN,Yes
4915-BFSXL,No
3086-RUCRN,No
5215-LNLDJ,Yes
7576-JMYWV,Yes
9039-RBEEE,No
0257-KXZGU,No
1307-ATKGB,Yes
8417-FMLZI,No
3714-XPXBW,Yes
1850-AKQEP,No
2824-DXNKN,Yes
5227-JSCFE,Yes
0848-ZGQIJ,No
3621-CHYVB,No
8042-RNLKO,No
1792-UXAFY,No
5372-FBKBN,No
0420-TXVSG,Yes
6217-TOWGS,No
0515-YPMCW,No
0378-XSZPU,No
1045-LTCYT,No
1544-JJMYL,No
4636-JGAAI,No
6874-SGLHU,No
5951-AOFIH,No
4729-XKASR,No
3059-NGMXB,No
8652-YHIYU,No
5278-PNYOX,No
5449-FIBXJ,No
3486-HOOGQ,No
5061-PBXFW,No
8630-FJLIB,Yes
3891-NLXJB,Yes
4749-OJKQU,No
0577-WHMEV,Yes
5453-AXEPF,No
3639-XJHKQ,No
3716-LRGXK,No
2263-SFSQZ,No
9950-MTGYX,No
3397-AVTKU,No
4825-FUREZ,No
9837-BMCLM,No
2672-OJQZP,No
0137-UDEUO,Yes
3134-DSHVC,No
6161-UUUTA,No
7821-DPRQE,Yes
6543-XRMYR,No
2001-EWBQU,No
4925-LMHOK,No
1608-GMEWB,Yes
6695-AMZUF,No
1455-UGQVH,No
8410-BGQXN,No
8280-MQRQN,No
1619-YWUBB,Yes
7611-YKYTC,No
2037-SGXHH,No
3178-FESZO,Yes
0365-GXEZS,No
0082-OQIQY,No
6087-MVHJH,Yes
4603-JANFB,No
3018-TFTSU,No
3606-SBKRY,No
4806-KEXQR,No
0667-NSRGI,No
7083-YNSKY,No
6893-ODYYE,No
8242-JSVBO,No
2479-BRAMR,Yes
9541-ZPSEA,Yes
2665-NPTGL,No
1139-WUOAH,No
4693-VWVBO,Yes
7434-SHXLS,Yes
6937-GCDGQ,No
0988-JRWWP,No
5075-JSDKI,No
7908-QCBCA,No
8644-XYTSV,No
6711-FLDFB,Yes
3873-WOSBC,No
7465-ZZRVX,Yes
7975-JMZNT,Yes
7251-XFOIL,No
4116-IQRFR,No
3714-JTVOV,No
8259-DZLIZ,No
0442-ZXKVS,No
7853-WNZSY,No
3120-FAZKD,Yes
8606-OEGQZ,No
0225-ZORZP,Yes
4702-IOQDC,No
9489-JMTTN,Yes
0575-CUQOV,No
0967-BMLBD,Yes
6178-KFNHS,Yes
2830-LEWOA,Yes
5006-MXVRN,No
1264-BYWMS,No
9658-WYUFB,No
8327-WKMIE,No
6917-FIJHC,No
5329-KRDTM,No
7797-EJMDP,No
3530-VWVGU,Yes
2013-SGDXK,No
6368-NWMCE,No
3633-CDBUW,Yes
0707-HOVVN,Yes
8580-QVLOC,Yes
3956-MGXOG,Yes
9274-UARKJ,No
4077-HWUYD,No
2012-NWRPA,No
8808-ELEHO,No
0103-CSITQ,No
3506-LCJDC,No
8671-KKKOS,No
7305-ZWMAJ,No
9518-XXBXE,Yes
3934-HXCFZ,No
6578-KRMAW,Yes
4860-IJUDE,No
7666-WKRON,No
9688-YGXVR,No
0423-UDIJQ,No
1945-XISKS,Yes
4910-AQFFX,No
2154-KVJFF,No
5360-LJCNJ,No
2607-FBDFF,No
9647-ERGBE,No
3428-XZMAZ,No
1100-DDVRV,No
0378-TOVMS,Yes
4355-HBJHH,No
6728-WYQBC,No
9058-CBREO,Yes
9029-FEGVJ,Yes
7216-KAOID,No
0318-QUUOB,Yes
6145-NNPNO,No
5520-FVEWJ,No
5339-TJFEK,No
5572-ZDXHY,No
2074-GUHPQ,No
4625-XMOYM,No
5827-MWCZK,Yes
1385-TQOZW,No
5914-XRFQB,No
4329-YPDDQ,No
4804-NCPET,No
3750-CKVKH,No
5944-UGLLK,Yes
8063-GBATB,Yes
7787-BNTZM,Yes
2252-ISRNH,Yes
9415-TPKRV,No
5322-TEUJK,No
4547-KQRTM,Yes
4877-EVATK,No
1866-DIOQZ,No
8375-KVTHK,No
2697-NQBPF,No
3709-OIJEA,No
7639-SUPCW,No
1386-ZIKUV,Yes
0599-XNYDO,No
6377-WHAOX,No
6855-VLGOS,No
8999-XXGNS,No
8746-OQQRW,No
3181-MIZBN,No
0471-ARVMX,Yes
7766-CLTIC,Yes
5650-YLIBA,Yes
0825-CPPQH,No
9084-OAYKL,No
6122-LJADA,Yes
2400-XIWIO,No
7524-VRLPL,No
1069-XAIEM,No
7569-NMZYQ,No
5201-USSQZ,No
2105-PHWON,No
1494-EJZDW,Yes
4884-TVUQF,No
8003-EWNDZ,No
1897-RCFUM,No
9256-JTBNZ,No
4658-HCOHW,No
2211-RMNHO,Yes
2432-TFSMK,No
3440-JPSCL,No
4929-ROART,No
1834-ABKHQ,No
1741-WTPON,No
3932-IJWDZ,Yes
1240-HCBOH,No
3594-KADLU,No
8065-BVEPF,No
3796-ENZGF,Yes
1734-ZMNTZ,No
2853-CWQFQ,Yes
0813-TAXXS,No
2519-TWKFS,Yes
2889-FPWRM,Yes
0626-QXNGV,No
6723-CEGQI,No
6987-XQSJT,No
4732-RRJZC,No
9499-XPZXM,No
4338-EYCER,No
3007-FDPEA,No
6350-XFYGW,No
4290-BSXUX,No
8513-OLYGY,No
0311-QYWSS,Yes
8705-DWKTI,No
8755-IWJHN,No
0325-XBFAC,No
4480-QQRHC,No
0929-PECLO,Yes
3680-CTHUH,No
1202-KKGFU,No
6112-KTHFQ,No
1852-XEMDW,No
2462-XIIJB,No
4760-XOHVN,Yes
1820-DJFPH,Yes
9426-SXNHE,Yes
9068-FHQHD,No
1269-FOYWN,No
9470-YFUYI,No
7817-BOQPW,No
7402-EYFXX,No
1853-UDXBW,No
9895-VFOXH,No
5458-CQJTA,Yes
1230-QAJDW,Yes
5701-ZIKJE,No
5219-YIPTK,No
5032-MIYKT,No
7396-VJUZB,No
9717-QEBGU,No
5172-RKOCB,No
6509-TSGWN,No
3540-RZJYU,No
3178-CIFOT,No
2091-MJTFX,No
4530-NDRKU,Yes
5985-TBABQ,No
9800-ONTFE,No
6743-HHQPF,Yes
8455-HIRAQ,No
6616-AALSR,No
0883-EIBTI,No
9415-ZNBSX,No
4018-KJYUY,No
0722-TROQR,No
7571-YXDAD,No
3884-UEBXB,No
8780-RSYYU,No
5537-UXXVS,No
1791-PQHBB,No
8701-DGLVH,Yes
8741-LQOBK,Yes
3393-FMZPV,No
8082-GHXOP,No
6402-ZFPPI,No
0980-FEXWF,No
7486-KSRVI,No
3011-WQKSZ,No
8443-WVPSS,Yes
3006-XIMLN,No
8218-FFJDS,No
1986-PHGZF,No
9965-YOKZB,No
0504-HHAPI,No
9360-OMDZZ,No
6305-YLBMM,No
0345-XMMUG,No
8024-XNAFQ,Yes
3647-GMGDH,Yes
2988-GBIVW,No
2832-SCUCO,No
7036-ZZKBD,No
3791-LGQCY,No
0265-PSUAE,No
0463-TXOAK,Yes
0594-UFTUL,No
9509-MPYOD,Yes
9128-CPXKI,No
0129-KPTWJ,No
8166-ZZTFS,Yes
5855-EIBDE,Yes
5365-LLFYV,No
5956-YHHRX,No
6008-NAIXK,Yes
2956-GGUCQ,Yes
1928-BXYIV,No
5760-FXFVO,Yes
6595-COKXZ,No
0961-ZWLVI,No
5181-OABFK,Yes
4007-NHVHI,No
7816-VGHTO,No
5871-DGTXZ,No
7550-WIQVA,No
7544-ZVIKX,Yes
0016-QLJIS,No
7508-DQAKK,No
5176-OLSKT,Yes
9356-AXGMP,No
3556-BVQGL,No
0362-ZBZWJ,Yes
8979-CAMGB,No
4211-MMAZN,No
7581-EBBOU,Yes
4274-OWWYO,Yes
5073-RZGBK,No
1541-ETJZO,No
2192-CKRLV,No
3154-HMWUU,No
6119-SPUDB,No
6522-OIQSX,Yes
7813-ZGGAW,No
8748-HFWBO,Yes
1052-QJIBV,Yes
1319-YLZJG,No
4106-HADHQ,No
0723-FDLAY,No
3050-RLLXC,Yes
9298-WGMRW,No
2369-UAPKZ,No
3088-LHEFH,Yes
2778-OCLGR,No
6583-KQJLK,No
8544-JNBOX,Yes
6681-ZSEXG,No
6139-ZZRBQ,No
6116-RFVHN,No
0637-KVDLV,No
8884-FEEWR,Yes
3125-RAHBV,Yes
6633-MPWBS,No
0373-AIVNJ,No
8785-EPNCG,No
1682-VCOIO,No
5729-KLZAR,No
2072-ZVJJX,No
8849-AYPTR,No
9518-IMLHK,No
1582-RAFML,No
3646-ITDGM,Yes
8740-CRYFY,No
3569-VLDHH,No
8224-KDLKN,No
7594-LZNWR,No
4001-TSBTV,No
2962-XPMCQ,No
8727-XDPUD,No
1043-UXOVO,No
1064-FBXNK,Yes
3996-ZNWYK,Yes
2878-DHMIN,No
7762-ONLJY,Yes
1678-FYZOW,No
5795-BKOYE,No
8627-EHGIP,No
7402-PWYJJ,No
5480-TBGPH,No
0018-NYROU,No
7501-VTYLJ,No
7608-RGIRO,Yes
0480-BIXDE,No
5895-QSXOD,No
9814-AOUDH,No
6175-IRFIT,No
8760-ZRHKE,No
1622-HSHSF,No
8854-CCVSQ,No
6749-UTDVX,No
5542-DHSXL,No
9102-OXKFY,No
0511-JTEOY,No
5216-WASFJ,No
7808-DVWEP,No
7067-KSAZT,Yes
2284-VFLKH,No
0366-NQSHS,No
6532-YLWSI,No
3807-BPOMJ,No
3892-NXAZG,Yes
4948-WBBKL,No
4182-BGSIQ,No
9300-AGZNL,No
0988-AADSA,No
9972-NKTFD,No
3717-LNXKW,No
5734-EJKXG,Yes
2207-RYYRL,Yes
6729-FZWSY,Yes
9695-IDRZR,No
8144-DGHXP,No
7814-LEEVE,Yes
1112-CUNAO,No
5175-AOBHI,No
5174-RNGBH,No
8631-WUXGY,No
7270-BDIOA,No
9565-JSNFM,No
5906-DVAPM,No
6654-QGBZZ,No
8348-JLBUG,No
0607-DAAHE,Yes
5641-DMBFJ,No
9200-NLNPD,No
2664-XJZNO,No
9732-KPKBW,No
3339-EAQNV,No
0921-OHLVP,No
3389-YGYAI,No
9560-ARGQJ,No
8350-NYMVI,No
1600-DILPE,No
0536-ESJEP,No
4654-GGUII,No
6478-HRRCZ,No
8510-BBWMU,Yes
6857-TKDJV,Yes
2360-RDGRO,Yes
0584-BJQGZ,No
5134-IKDAY,No
1360-XFJMR,No
3070-DVEYC,No
5730-RIITO,No
9058-MJLZC,No
5707-ORNDZ,No
0902-XKXPN,No
5177-RVZNU,No
0056-EPFBG,No
8993-IZEUX,No
8696-JKZNU,No
5380-AFSSK,Yes
8190-ZTQFB,No
0931-MHTEM,No
2055-PDADH,No
7515-LODFU,No
0440-UEDAI,Yes
1337-BOZWO,Yes
0868-VJRDR,No
8714-EUHJO,No
6344-SFJVH,No
3950-VPYJB,No
8041-TMEID,Yes
7321-ZNSLA,No
6941-KXRRV,No
3721-CNEYS,Yes
8727-JQFHV,Yes
9475-NNDGC,No
1355-KUSBG,Yes
3688-FTHLT,Yes
0899-LIIBW,No
2568-OIADY,No
1384-RCUXW,Yes
5825-XJOCM,Yes
6848-YLDFR,No
8125-QPFJD,Yes
2320-YKQBO,No
1193-RTSLK,Yes
2302-ANTDP,Yes
5923-GXUOC,No
4973-RLZVI,No
7869-ZYDST,Yes
4501-UYKBC,No
1215-EXRMO,No
2305-MRGLV,No
8404-VIOMB,Yes
5233-GEEAX,No
2359-KLTEK,Yes
5304-EFJLP,No
2673-ZALNP,No
9184-GALIL,No
4393-RYCRE,No
9746-MDMBK,No
3162-ZJZFU,Yes
8404-GFGCZ,No
8875-AKBYH,Yes
4432-ADRLB,No
0533-UCAAU,No
1394-SUIUH,No
3521-MNKLV,Yes
2533-TIBIX,No
8993-PHFWD,Yes
1565-RHDJD,No
7137-RYLPP,No
3765-JXVKY,Yes
5092-STPKP,No
7330-WZLNC,No
0114-PEGZZ,Yes
3359-DSRKA,No
8639-NHQEI,No
7161-DFHUF,No
3957-LXOLK,No
3720-DBRWL,No
6635-MYYYZ,No
8565-WUXZU,Yes
5281-BUZGT,No
4994-OBRSZ,No
0562-FGDCR,No
2436-QBZFP,No
3420-YJLQT,No
6040-CGACY,Yes
6582-PLFUU,No
8242-PDSGJ,No
0264-CNITK,No
0089-IIQKO,Yes
7839-NUIAA,No
6075-QMNRR,No
5378-IKEEG,No
5966-EMAZU,No
0440-EKDCF,No
4774-HHGGS,No
2718-GAXQD,No
2055-BFOCC,Yes
8180-AKMJV,No
4298-OYIFC,No
5566-SOEZD,No
9842-EFSYY,No
2272-WUSPA,Yes
4584-LBNMK,No
3898-GUYTS,No
0930-EHUZA,No
6413-XKKPU,No
9975-SKRNR,No
3703-KBKZP,No
1449-XQEMT,No
2626-URJFX,No
4973-MGTON,No
3682-YEUWS,No
1223-UNPKS,No
2612-RRIDN,Yes
4735-ASGMA,Yes
3446-QDSZF,Yes
3669-LVWZB,No
6892-EZDTG,No
5117-IFGPS,No
7379-FNIUJ,Yes
1627-AFWVJ,No
9725-SCPZG,Yes
5884-GCYMI,No
3217-FZDMN,No
4486-EFAEB,No
0060-FUALY,No
7853-GVUDZ,No
7480-QNVZJ,No
6954-OOYZZ,No
7088-FBAWU,No
8313-AFGBW,No
3943-KDREE,No
9239-ZBZZV,No
3097-IDVPU,Yes
4398-HSCJH,No
2197-OMWGI,No
2303-PJYHN,No
9795-VOWON,No
1237-WIYYZ,No
1987-AUELQ,No
7852-LECYP,No
4430-UZIPO,No
4822-LPTYJ,No
8165-CBKXO,No
6527-PZFPV,No
4855-SNKMY,No
9593-CVZKR,Yes
8595-SIZNC,No
8008-HAWED,No
7124-UGSUR,Yes
1862-SKORY,No
5236-XMZJY,No
4827-DPADN,Yes
2694-CIUMO,Yes
5846-ABOBJ,No
1439-LCGVL,No
0909-SDHNU,No
4647-XXZAM,No
1502-XFCVR,No
7740-KKCXF,No
5360-XGYAZ,No
9692-TUSXH,No
7912-SYRQT,Yes
3557-HTYWR,Yes
4816-JBHOV,Yes
8920-NAVAY,Yes
1699-TLDLZ,No
5600-PDUJF,No
8292-TYSPY,Yes
0567-XRHCU,No
1867-BDVFH,Yes
2067-QYTCF,No
2359-QWQUL,No
9103-TCIHJ,No
7407-SUJIZ,Yes
9150-KPBJQ,No
0052-DCKON,Yes
3654-ARMGP,No
9699-UBQFS,No
9367-TCUYN,No
1261-FWTTE,No
3528-HFRIQ,No
0708-SJDIS,No
4140-WJAWW,No
2073-QBVBI,No
6928-ONTRW,No
3320-VEOYC,No
5231-FIQPA,No
6617-WLBQC,No
2599-CIPQE,No
6653-CBBOM,Yes
8774-GSBUN,No
7326-RIGQZ,Yes
1401-FTHFQ,No
3247-ZVOUO,No
0254-FNMCI,Yes
1848-LBZHY,No
6101-IMRMM,No
8118-TJAFG,No
5429-LWCMV,Yes
7298-IZWLY,Yes
9758-MFWGD,Yes
3955-JBZZM,Yes
1268-ASBGA,No
8943-URTMR,No
4815-TUMEQ,No
4713-LZDRV,No
9909-IDLEK,Yes
4092-OFQZS,No
1561-BWHIN,Yes
4325-NFSKC,No
9927-DSWDF,No
9500-LTVBP,No
7252-NTGSS,No
8149-AIQCG,No
1360-JYXKQ,No
2955-PSXOE,Yes
7762-URZQH,Yes
0899-WZRSD,No
3255-GRXMG,Yes
4828-FAZPK,No
6094-ZIVKX,Yes
6925-BAYGL,No
3262-EIDHV,No
7354-OIJLX,No
1376-HHBDV,Yes
6907-NZZIJ,No
6133-OZILE,No
4135-FRWKJ,Yes
2911-UREFD,No
3744-ZRRDZ,No
5673-TIYIB,Yes
6551-ZCOTS,No
7191-ADRGF,Yes
5018-LXQQG,No
6892-BOGQE,Yes
1602-IJQQE,No
4628-WQCQQ,No
1746-TGTWV,No
5995-SNNEW,No
8050-WYBND,No
2821-WARNZ,No
4879-GZLFH,No
1644-IRKSF,No
8314-HTWVE,No
9402-ROUMJ,No
2507-QZPQS,Yes
7159-NOKYQ,No
5707-ZMDJP,Yes
8779-YIQQA,No
7136-IHZJA,No
8966-OIQHG,No
7074-STDCN,No
3705-PSNGL,Yes
8739-QOTTN,Yes
1399-OUPJN,Yes
0277-BKSQP,Yes
6502-HCJTI,No
2606-RMDHZ,No
5774-XZTQC,Yes
2676-SSLTO,No
6266-QHOJZ,No
7269-JISCY,No
0363-SVHYR,No
8547-NSBBO,Yes
8258-GSTJK,No
6861-OKBCE,No
9940-RHLFB,Yes
6591-QGOYB,No
9070-BCKQP,No
6421-SZVEM,No
1328-EUZHC,Yes
2995-UPRYS,No
8878-RYUKI,Yes
9633-DENPU,No
7811-JIVPF,No
7113-HIPFI,No
8541-QVFKM,No
6686-YPGHK,No
1383-EZRWL,No
9258-CNWAC,Yes
5371-VYLSX,No
6374-AFWOX,Yes
4759-TRPLW,No
5317-FLPJF,Yes
7621-VPNET,No
6034-YMTOB,No
8563-IIOXK,No
4903-CNOZC,No
4353-HYOJD,Yes
8020-BWHYL,No
7267-FRMJW,No
2982-VPSGI,Yes
4188-FRABG,Yes
8199-ZLLSA,No
4128-ETESU,No
0620-DLSLK,Yes
4625-EWPTF,No
5980-NOPLP,No
3850-OKINF,No
6892-XPFPU,No
8010-EZLOU,Yes
1156-ZFYDO,No
3295-YVUSR,No
8016-NCFVO,No
4119-ZYPZY,No
5549-ZGHFB,Yes
7577-SWIFR,No
0303-WMMRN,No
6408-OTUBZ,No
5204-HMGYF,No
1078-TDCRN,No
3727-OVPRY,No
3797-FKOGQ,No
7622-NXQZR,No
6196-HBOBZ,No
3970-XGJDU,No
7017-VFULY,Yes
5562-YJQGT,Yes
8807-OPMBM,No
5439-WIKXB,No
9874-QLCLH,No
8294-UIMBA,No
8109-YUOHE,No
5840-NVDCG,Yes
8092-NLTGF,No
5928-QLDHB,No
9840-EFJQB,No
0696-UKTOX,Yes
4801-KFYKL,No
3472-OAOOR,No
6135-OZQVA,No
8062-YBDOE,No
2252-JHJGE,No
4188-PCPIG,No
6000-APYLU,No
7105-BENQF,Yes
7721-DVEKZ,No
3566-VVORZ,No
9507-HSMMZ,Yes
2480-SQIOB,No
0947-IDHRQ,Yes
7813-TKCVO,No
0128-MKWSG,No
3672-YITQD,No
4350-ZTLPI,No
9048-JVYVF,Yes
0361-HJRDX,No
5727-MYATE,No
3823-KYNQY,No
8988-ECPJR,No
7570-WELNY,No
3021-VLNRJ,No
3776-EKTKM,No
2080-CAZNM,No
1028-FFNJK,Yes
6907-FLBER,Yes
3001-UNBTL,Yes
5982-PSMKW,No
3507-GASNP,No
7096-ZNBZI,Yes
1902-XBTFB,Yes
1676-MQAOA,No
0786-IVLAW,No
7566-DSRLQ,Yes
0643-OKLRP,No
7245-JMTTQ,Yes
6050-IJRHS,Yes
6202-JVYEU,No
8591-TKMZH,Yes
0734-OXWBT,No
4282-ACRXS,No
0365-TRTPY,No
7349-ALMUX,No
9381-NDKME,Yes
6502-KUGLL,No
1841-YSJGV,Yes
2794-XIMMO,No
8382-SHQEH,No
3511-BFTJW,No
7668-XCFYV,No
2983-ZANRP,No
7845-URHJN,No
3034-ZBEQN,No
5018-HEKFO,No
2923-ARZLG,No
3976-NLDEZ,Yes
2282-YGNOR,Yes
5336-UFNZP,Yes
6854-EXGSF,No
1241-EZFMJ,No
9233-PSYHO,Yes
5376-PCKNB,Yes
8044-BGWPI,No
4060-LDNLU,No
3589-PPVKW,No
8327-LZKAS,No
5887-IKKYO,Yes
1075-BGWOH,Yes
1755-RMCXH,Yes
0302-JOIVN,No
3858-XHYJO,No
4299-SIMNS,No
7025-IWFHT,No
6261-LHRTG,No
7841-FCRQD,Yes
2056-EVGZL,Yes
8777-MBMTS,No
7753-USQYQ,No
5366-IJEQJ,No
7661-CPURM,No
6233-HXJMX,No
5902-WBLSE,No
1981-INRFU,No
4971-PUYQO,No
3239-TPHPZ,No
5115-GZDEL,No
3338-CVVEH,Yes
8485-GJCDN,No
2615-YVMYX,Yes
2851-STERV,Yes
4393-GEADV,No
8486-AYEQH,No
1527-SXDPN,Yes
6029-WTIPC,No
8634-CILSZ,No
5419-JKZNQ,No
2495-KZNFB,No
1409-PHXTF,No
4560-WQAQW,No
9591-YVTEB,Yes
9309-BZGNT,Yes
4274-DRSQT,No
2027-DNKIV,No
8075-GXIUB,Yes
2885-HIJDH,No
5424-RLQLC,No
6682-QJDGB,No
6507-DTJZV,No
8780-IXSTS,No
7673-BQGKU,Yes
6723-WSNTY,Yes
9530-EHPOH,No
2725-IWWBA,No
0345-HKJVM,Yes
1061-PNTHC,Yes
0394-YONDK,No
6574-MCOEH,Yes
7399-QHBJS,Yes
3049-SOLAY,Yes
0997-YTLNY,Yes
3317-HRTNN,No
9479-HYNYL,No
3235-ETOOB,No
9708-KFDBY,No
8058-INTPH,No
3642-GKTCT,Yes
0774-RMNUW,No
1334-PDUKM,No
0756-MPZRL,Yes
2242-MFOTG,No
2927-CVULT,Yes
2144-BFDSO,Yes
8745-PVESG,No
7647-GYYKX,Yes
5647-FXOTP,No
5569-OUICF,No
8821-XNHVZ,No
2082-OJVTK,Yes
9700-ISPUP,No
9839-ETQOE,No
6078-VESFR,No
9027-TMATR,No
5940-NFXKV,No
1941-HOSAM,Yes
9110-HSGTV,No
0704-VCUMB,Yes
6171-ZTVYB,Yes
8053-WWDRO,No
9564-KCLHR,Yes
1935-IMVBB,No
2535-PBCGC,No
2082-CEFLT,No
1470-PSXNM,No
1213-NGCUN,No
2498-XLDZR,No
9866-OCCKE,No
5338-YHWYT,No
7718-UPSKJ,Yes
8731-WBBMB,No
1448-CYWKC,No
7901-IIDQV,No
2690-DVRVK,No
5688-KZTSN,Yes
1270-XKUCC,No
0334-ZFJSR,No
2894-QOJRX,No
5747-PMBSQ,No
5583-EJXRD,No
4565-EVZMJ,No
3143-JQEGI,No
6386-SZZKH,No
3327-YBAKM,Yes
9441-QHEVC,No
6705-LNMDD,Yes
2580-ASVVY,No
3370-GQEAL,No
5032-USPKF,No
2982-IHMFT,No
3521-SYVOR,No
4254-QPEDE,No
6283-GITPX,No
9526-JAWYF,No
0771-CHWSK,Yes
9788-HNGUT,No
9495-REDIY,No
5375-XLDOF,Yes
1172-VIYBP,Yes
5649-VUKMC,No
6559-PDZLR,No
8992-OBVDG,No
4273-MBHYA,No
4724-WXVWF,Yes
5701-GUXDC,Yes
1460-UZPRJ,No
6082-GLJIX,No
5143-EGQFK,No
4919-IKATY,No
2495-TTHBQ,No
0485-ZBSLN,No
3810-PJUHR,No
9050-QLROH,No
0847-HGRML,No
8232-CTLKO,No
9227-YBAXE,No
6168-WFVVF,Yes
9860-LISIZ,No
0112-QAWRZ,No
0877-SDMBN,No
2786-GCDPI,Yes
4043-MKDTV,Yes
8065-YKXKD,No
9637-EIHEQ,No
9229-RQABD,No
8313-KTIHG,No
5320-BRKGK,No
6284-KMNUF,No
9689-PTNPG,No
9465-RWMXL,No
6229-UOLQL,No
2362-IBOOY,Yes
3137-LUPIX,No
0843-WTBXE,Yes
6143-JQKEA,No
8676-OOQEJ,Yes
5515-IDEJJ,No
9701-CDXHR,No
7450-NWRTR,No
8124-NZVGJ,No
2162-FRZAA,No
5376-DEQCP,No
5118-MUEYH,No
9095-HFAFX,Yes
5627-TVBPP,No
2379-ENZGV,Yes
3936-QQFLL,No
2589-AYCRP,No
4067-HLYQI,Yes
5124-EOGYE,No
5057-RKGLH,Yes
0292-WEGCH,No
8910-ICHIU,No
4097-YODCF,Yes
9715-WZCLW,No
9786-YWNHU,No
6407-GSJNL,No
6005-OBZPH,Yes
4049-ZPALD,No
7932-WPTDS,No
3733-UOCWF,No
6833-JMZYP,No
2722-VOJQL,No
1310-QRITU,No
8961-QDZZJ,Yes
9715-SBVSU,No
8490-BXHEO,No
7173-TETGO,No
7929-SKFGK,No
2300-RQGOI,No
3563-SVYLG,No
5228-EXCET,No
6435-VWCCY,No
4998-IKFSE,No
8630-QSGXK,Yes
2455-USLMV,No
7394-FKDNK,No
9488-FVZCC,Yes
6331-LWDTQ,No
5995-WWKKG,No
1597-FZREH,Yes
7879-CGSFV,No
9921-EZKBY,Yes
7432-FFVAR,Yes
7246-ZGQDF,No
7000-WCEVQ,No
0727-IWKVK,Yes
5959-BELXA,Yes
4456-RHSNB,No
3512-IZIKN,No
2481-SBOYW,Yes
7109-MFBYV,No
1833-TCXKK,No
1832-PEUTS,No
6141-OOXUQ,No
8660-BUETV,Yes
0580-PIQHM,Yes
5696-CEIQJ,Yes
7503-ZGUZJ,No
1696-HXOWK,No
3026-ATZYV,No
4012-YCFAI,No
2506-TNFCO,No
9970-QBCDA,No
8718-PTMEZ,Yes
9496-IVVRP,No
2207-OBZNX,No
2657-VPXTA,No
6551-VLJMV,Yes
1221-GHZEP,No
9289-LBQVU,Yes
6142-VSJQO,No
3458-IDMFK,No
6933-FHBZC,No
0221-NAUXK,No
9770-KXGQU,Yes
6437-UKHMV,Yes
6538-POCHL,No
6726-NNFWD,No
3002-WQZWT,No
4277-UDIEF,Yes
1208-NBVFH,Yes
4912-PIGUY,No
1114-CENIM,Yes
6060-DRTNL,No
2725-TTRIQ,Yes
3374-TTZTK,No
8990-ZXLSU,Yes
2275-RBYQS,No
8473-VUVJN,No
6289-CPNLD,No
5536-SLHPM,Yes
4419-UJMUS,No
7794-JASDG,No
7609-YBPXG,No
5519-TEEUH,Yes
7856-GANIL,No
0804-XBFBV,No
2676-OXPPQ,No
3703-TTEPD,No
2799-TSLAG,Yes
0196-VULGZ,No
8837-VVWLQ,No
2696-NARTR,No
2208-NKVVH,No
7614-QVWQL,No
1976-CFOCS,No
4631-OACRM,No
7139-JZFVG,No
4987-GQWPO,No
3755-JBMNH,No
1757-TCATG,No
6345-ULYRW,No
4776-XSKYQ,No
8048-DSDFQ,No
5753-QQWPW,No
6010-DDPPW,No
1809-DMJHQ,Yes
6693-FRIRW,No
6586-MYGKD,No
3173-NVMPX,No
0248-PGHBZ,No
0623-GDISB,No
2892-GESUL,Yes
6923-EFPNL,No
7472-EQOAV,No
9574-RKJIF,Yes
2043-WVTQJ,No
8034-RYTVV,No
3863-QSTYI,No
2619-WFQWU,No
5044-LRQAQ,Yes
1716-LSAMB,No
1333-PBMXB,No
6546-OPBBH,No
5985-BEHZK,No
9127-QRZMH,Yes
5919-VCZYM,No
9644-KVCNC,Yes
2137-DQMEV,No
8174-LNWMW,Yes
9279-CJEOJ,Yes
7964-VEXDG,Yes
2404-JIBFC,No
0778-NELLA,No
8029-XYPWT,Yes
4614-NUVZD,Yes
4632-PAOYU,No
3803-KMQFW,No
6804-GDMOI,No
2990-OGYTD,No
6646-JPPHA,Yes
9572-MTILT,No
7658-UYUQS,No
7880-XSOJX,No
9611-CTWIH,No
4589-IUAJB,Yes
0329-GTIAJ,Yes
8746-BFOAJ,No
8457-XIGKN,Yes
6072-NUQCB,No
6629-CZTTH,No
8838-GPHZP,No
8750-QWZAJ,No
5364-EVNIB,No
6918-UMQCG,No
0675-NCDYU,Yes
6339-DKLMK,Yes
1346-PJWTK,No
5088-QZLRL,No
8023-QHAIO,Yes
4397-FRLTA,Yes
3057-VJJQE,No
5087-SUURX,Yes
2302-OUZXB,No
8133-ANHHJ,No
2270-CHBFN,No
0013-EXCHZ,No
5982-FPVQN,Yes
9107-UKCKY,No
4654-ULTTN,Yes
5550-VFRLC,No
5546-BYZSM,No
1492-KGETH,No
4929-BSTRX,No
4163-HFTUK,No
8215-NGSPE,Yes
2225-ZRGSG,No
8859-YSTWS,No
5271-YNWVR,No
7601-DHFWZ,No
2657-ALMWY,Yes
6330-JKLPC,Yes
4667-OHGKG,Yes
1998-VHJHK,Yes
1707-HABPF,No
1660-HSOOQ,No
7253-UVNDW,Yes
0487-VVUVK,Yes
7228-OMTPN,No
5063-IUOKK,No
4508-OEBEY,No
0027-KWYKW,No
2308-STERM,Yes
5982-XMDEX,No
6284-AHOOQ,No
6051-PTVNS,No
2344-JMOGN,No
3799-ISUZQ,Yes
2877-VDUER,No
9152-AMKAK,No
1794-HBQTJ,No
9432-VOFYX,No
8049-WJCLQ,No
6586-PSJOX,No
2460-FPSYH,Yes
9705-ZJBCG,Yes
4818-DRBQT,No
1320-HTRDR,No
6847-KJLTS,No
9670-BPNXF,No
3913-FCUUW,Yes
3301-VKTGC,No
1493-AMTIE,No
9555-SAHUZ,No
0816-TSPHQ,No
9932-WBWIK,No
4619-EVPHY,Yes
5286-YHCVC,Yes
6424-ELEYH,No
4391-RESHN,No
9115-YQHGA,No
4462-CYWMH,No
8963-MQVYN,Yes
2458-EOMRE,Yes
9334-GWGOW,No
6821-BUXUX,No
5028-HTLJB,Yes
9801-GDWGV,No
6542-LWGXJ,No
5567-GZKQY,No
1222-LRYKO,No
2320-JRSDE,Yes
2087-QAREY,No
0601-WZHJF,Yes
4423-JWZJN,No
5143-WMWOG,No
6490-FGZAT,No
5393-RXQSZ,No
7452-FOLON,No
2320-TZRRH,No
0231-LXVAP,No
9444-JTXHZ,No
4942-VZZOM,Yes
5510-BOIUJ,No
7502-BNYGS,Yes
4291-HYEBC,No
6147-CBCRA,No
6047-SUHPR,No
4471-KXAUH,No
9752-ZNQUT,Yes
7638-QVMVY,No
1576-PFZIW,No
5666-MBJPT,No
7312-XSBAT,No
3096-GKWEB,No
2371-JQHZZ,Yes
0674-GCDXG,No
1121-QSIVB,Yes
4396-KLSEH,No
3244-DCJWY,No
2824-MYYBN,Yes
0875-CABNR,No
6345-HOVES,No
8318-LCNBW,No
6469-QJKZW,No
0147-ESWWR,No
1217-VASWC,No
7812-FZHPE,No
6370-ZVHDV,Yes
5915-DGNVC,No
6260-XLACS,No
3566-CAAYU,No
4983-CCWMC,No
9103-CXVOK,No
2896-TBNBE,No
4797-AXPXK,No
5229-PRWKT,No
6982-UQZLY,Yes
2522-WLNSF,No
3841-CONLJ,Yes
5057-LCOUI,No
0193-ESZXP,Yes
4475-NVTLU,No
4369-HTUIF,No
9386-LDCZR,Yes
9585-KKMFD,No
5399-ZIMKF,No
0336-KXKFK,No
5619-XZZKR,No
3948-FVVRP,No
5327-XOKKY,Yes
0983-TATYJ,No
1813-JYWTO,No
0156-FVPTA,Yes
1984-FCOWB,Yes
0654-HMSHN,No
6719-OXYBR,No
3312-ZWLGF,No
6476-YHMGA,Yes
5287-QWLKY,Yes
0795-XCCTE,No
0168-XZKBB,No
3785-NRHYR,No
5196-SGOAK,No
4537-DKTAL,No
7072-MBHEV,No
5602-BVFMK,Yes
6297-NOOPG,Yes
1891-UAWWU,No
8204-TIFGJ,No
8050-DVOJX,No
6108-OQZDQ,No
0363-QJVFX,No
8903-XEBGX,Yes
8169-SAEJD,No
9840-DVNDC,Yes
1089-XZWHH,No
2325-WINES,No
6064-ZATLR,No
3096-JRDSO,Yes
7824-PANSQ,No
8042-JVNFH,No
9648-BCHKM,No
2888-ADFAO,No
8707-HOEDG,No
3374-LXDEV,No
4072-IPYLT,Yes
7167-PCEYD,No
4936-YPJNK,No
1580-BMCMR,No
4817-KEQSP,Yes
6408-WHTEF,No
9251-AWQGT,No
8749-CLJXC,No
7989-VCQOH,Yes
5049-GLYVG,No
4199-QHJNM,No
8882-TLVRW,No
5883-GTGVD,No
5135-GRQJV,No
2384-OVPSA,Yes
1371-WEPDS,No
3580-GICBM,No
4817-QRJSX,Yes
9730-DRTMJ,No
4686-UXDML,No
3349-ANQNH,No
2398-YPMUR,No
0932-YIXYU,No
7480-SPLEF,No
7636-XUHWW,No
1431-CYWMH,Yes
5937-EORGB,No
6349-JDHQP,No
5539-HIVAK,Yes
5847-MXBEO,No
9985-MWVIX,No
4583-PARNH,No
1116-FRYVH,No
1421-HCERK,Yes
9633-XQABV,No
0716-BQNDX,No
1265-XTECC,No
1183-CANVH,No
1972-XMUWV,Yes
8679-LZBMD,No
3407-JMJQQ,No
6252-DFGTK,No
1539-LNKHM,Yes
8645-KOMJQ,No
0289-IVARM,Yes
9761-XUJWD,No
4057-FKCZK,No
4291-TPNFG,No
6087-YPWHO,No
3090-QFUVD,No
2237-ZFSMY,Yes
1722-LDZJS,Yes
1818-ESQMW,No
4871-JTKJF,Yes
1415-YFWLT,No
7401-RUBNK,No
0506-YLVKJ,Yes
8661-BOYNW,No
6711-VTNRE,No
4815-GBTCD,Yes
2805-AUFQN,No
0980-PVMRC,No
7233-DRTRF,No
3500-RMZLT,No
3873-NFTGI,No
1162-ECVII,No
7048-GXDAY,No
8571-ZCMCX,Yes
1169-WCVAK,No
4548-SDBKE,No
8066-POXGX,Yes
7129-CAKJW,No
8695-ARGXZ,Yes
3570-YUEKJ,Yes
4143-OOBWZ,Yes
1555-HAPSU,No
1697-NVVGY,No
7854-EKTJL,No
8464-EETCQ,No
2419-FSORS,No
8132-YPVBX,No
9102-IAYHT,No
6754-LZUKA,No
3422-LYEPQ,No
8099-MZPUJ,No
0787-LHDYT,No
2642-DTVCO,No
0374-IOEGQ,Yes
4361-JEIVL,No
3197-NNYNB,No
3396-DKDEL,Yes
1752-OZXFY,No
9066-QRSDU,No
9112-WSNPU,No
9867-NNXLC,No
5321-NTRKC,Yes
1363-TXLSL,No
9507-EXLTT,Yes
3161-GETRM,Yes
0402-OAMEN,No
6933-VLYFX,No
6754-WKSHP,No
9846-GKXAS,Yes
6017-PPLPX,No
4976-LNFVV,No
5055-MGMGF,No
4641-FROLU,No
2862-JVEOY,Yes
2969-QWUBZ,No
9822-BIIGN,No
2077-MPJQO,No
1534-OULXE,No
7136-RVDTZ,No
2971-SGAFL,Yes
1480-IVEVR,No
2905-KFQUV,No
4581-SSPWD,Yes
3370-HXOPH,No
9391-YZEJW,No
9958-MEKUC,Yes
0281-CNTZX,Yes
6927-WTFIV,No
4118-CEVPF,No
3398-ZOUAA,No
9114-VEPUF,No
7876-BEUTG,No
2338-BQEZT,Yes
9873-MNDKV,Yes
0378-NHQXU,No
8241-JUIQO,No
2194-IIQOF,No
4512-ZUIYL,No
9631-RXVJM,No
9584-EXCDZ,No
7969-AULMZ,Yes
5093-FEGLU,No
2621-UDNLU,No
7526-IVLYU,No
2428-HYUNX,No
9214-EKVXR,Yes
3410-MHHUM,Yes
0568-ONFPC,No
0733-VUNUW,Yes
4550-EVXNY,No
2122-YWVYA,No
2968-SSGAA,Yes
2296-DKZFP,Yes
4844-JJWUY,No
6777-TGHTM,No
8909-BOLNL,No
6603-YRDCJ,Yes
3538-WZPHD,No
3229-USWAR,No
2138-VFAPZ,Yes
6131-JLWZM,No
4785-QRJHC,No
0269-XFESX,No
1709-EJDOX,Yes
4316-XCSLJ,Yes
8610-WFCJF,Yes
9693-XMUOB,No
0383-CLDDA,No
4905-JEFDW,No
2709-UQGNP,No
3549-ZTMNH,No
7881-INRLC,Yes
8033-ATFAS,No
1635-NZATJ,No
0562-HKHML,Yes
8277-RVRSV,No
9943-VSZUV,Yes
0117-LFRMW,No
6172-FECYY,No
7054-ENNGU,No
1455-HFBXA,No
9402-CXWPL,No
1628-BIZYP,No
1965-AKTSX,No
0082-LDZUE,No
4786-UKSNZ,No
5343-SGUBI,No
0856-NAOES,Yes
1976-AZZPJ,No
7248-VZQLC,No
6156-UZDLF,No
3099-OONVS,No
9500-WBGRP,No
5183-KLYEM,No
5144-PQCDZ,No
8514-VZHEB,Yes
6625-IUTTT,No
9355-NPPFS,Yes
0068-FIGTF,No
5965-GGPRW,No
8035-PWSEV,No
2236-HILPA,No
1840-BIUOG,Yes
1356-MKYSK,Yes
6080-LNESI,No
1830-IPXVJ,Yes
5828-DWPIL,No
8398-TBIYD,No
0011-IGKFF,No
4192-GORJT,Yes
6496-SLWHQ,No
9912-GVSEQ,No
2931-FSOHN,No
9418-RUKPH,No
5383-MMTWC,No
9971-ZWPBF,No
4712-AUQZO,No
9711-FJTBX,No
2908-ZTPNF,No
7240-ETPTR,No
2202-CUYXZ,No
5995-OIGLP,No
8421-WZOOW,Yes
6261-RCVNS,No
7951-QKZPL,No
1414-YADCW,No
8756-RDDLT,No
2862-PFNIK,No
5816-QVHRX,No
4430-YHXGG,No
6888-SBYAI,No
7395-XWZOY,Yes
7169-YWAMK,Yes
3640-PHQXK,No
6877-LGWXO,No
6859-RKMZJ,Yes
2729-VNVAP,No
2957-JIRMN,Yes
2049-BAFNW,No
3842-QTGDL,No
7163-OCEQI,Yes
9782-LGXMC,No
5975-BAICR,No
8019-ENHXU,Yes
5167-GBFRE,No
9033-EOXWV,No
4673-KKSLS,No
4853-OITSN,No
9800-OUIGR,Yes
1324-NLTJE,No
2324-EFHVG,No
7094-MSZAO,No
1522-VVDMG,Yes
6907-CQGPN,No
0780-XNZFN,No
0239-OXEXL,No
2675-IJRGJ,No
7049-GKVZY,No
8577-QSOCG,No
3721-CNZHX,No
0212-ISBBF,No
9185-TQCVP,No
3585-YNADK,No
5271-DBYSJ,No
1099-GODLO,No
6828-HMKWP,No
5567-WSELE,No
1472-TNCWL,No
8063-RJYNF,No
0687-ZVTHB,No
2080-GKCWQ,No
9661-ACXBS,Yes
2193-SFWQW,Yes
5656-JAMLX,Yes
3462-BJQQA,No
0442-TDYUO,No
6733-LRIZX,No
9503-XJUME,No
4367-NHWMM,No
3727-RJMEO,No
3779-OSWCF,No
6736-DHUQI,Yes
3915-ODIYG,No
1360-RCYRT,No
2724-FJDYW,Yes
4451-RWASJ,Yes
6646-VRFOL,No
3460-TJBWI,Yes
5917-HBSDW,No
5685-IIXLY,No
5671-UUNXD,No
0956-ACVZC,Yes
2325-NBPZG,No
4250-ZBWLV,No
4482-FTFFX,No
8859-DZTGQ,No
0440-MOGPM,Yes
0020-JDNXP,No
3752-CQSJI,No
5025-GOOKI,No
4698-KVLLG,Yes
5095-AESKG,No
2887-JPYLU,No
4770-QAZXN,No
4896-CPRPF,No
1871-MOWRM,No
9714-EDSUC,No
2027-OAQQC,No
0282-NVSJS,Yes
9090-SGQXL,Yes
6595-YGXIT,Yes
7353-YOWFP,No
9835-ZIITK,No
8008-ESFLK,No
7537-CBQUZ,No
1555-DJEQW,No
5649-TJHOV,No
0519-XUZJU,No
3363-EWLGO,No
4750-UKWJK,No
6338-AVWCY,No
1689-YQBYY,No
4487-ZYJZK,Yes
2959-FENLU,Yes
0708-LGSMF,Yes
9253-QXKBE,No
7634-HLQJR,No
0487-RPVUM,No
4079-ULGFR,No
2516-XSJKX,No
0057-QBUQH,No
9445-SZLCH,No
6599-SFQVE,No
8331-ZXFOE,Yes
4003-FUSHP,No
0356-ERHVT,Yes
7325-ENZFI,No
4884-ZTHVF,Yes
3920-HIHMQ,Yes
3055-OYMSE,No
0613-WUXUM,No
7568-PODML,Yes
4458-KVRBJ,No
5349-IECLD,No
1397-XKKWR,No
3945-GFWQL,No
8097-OMULG,No
6013-BHCAW,No
0401-WDBXM,No
3387-PLKUI,No
6096-EGVTU,Yes
3797-VTIDR,No
5081-NWSUP,Yes
2580-ATZSQ,Yes
8085-MSNLK,Yes
9691-HKOVS,Yes
9881-VCZEP,No
9526-BIHHD,Yes
8757-TFHHJ,No
4523-WXCEF,Yes
1468-DEFNC,Yes
5119-KEPFY,No
8364-TRMMK,Yes
0916-KNFAJ,No
8319-QBEHW,No
3063-QFSZL,No
8775-LHDJH,No
9625-QNLUX,No
3097-NQYSN,Yes
4024-CSNBY,No
7110-BDTWG,No
7493-GVFIO,No
0690-SRQID,No
9605-WGJVW,No
9114-DPSIA,No
4700-UBQMV,No
7711-GQBZC,No
3565-UNOCC,No
4627-MIHJH,No
9795-NREXC,No
8573-CGOCC,Yes
7356-AYNJP,Yes
9249-FXSCK,No
5493-SDRDQ,No
6286-SUUWT,Yes
4819-HJPIW,No
8654-DHAOW,No
5438-QMDDL,No
9812-GHVRI,Yes
5553-AOINX,No
1228-ZLNBX,No
4226-KKDON,Yes
3831-YCPUO,Yes
7445-WMRBW,No
3308-DGHKL,No
9924-JPRMC,No
0080-EMYVY,No
6218-KNUBD,No
7337-CINUD,Yes
7609-NRNCA,Yes
0623-EJQEG,No
7153-CHRBV,No
0871-URUWO,No
9190-MFJLN,No
6198-PNNSZ,No
3317-VLGQT,Yes
4132-POCZS,No
5614-DNZCE,No
1095-JUDTC,No
3896-RCYYE,No
9638-JIQYA,No
3258-SANFR,No
3726-TBHQT,No
3190-ITQXP,No
0870-VEMYL,No
4833-QTJNO,No
3039-MJSLN,No
0178-CIIKR,Yes
5385-SUIRI,No
3982-XWFZQ,No
5774-QPLTF,Yes
2322-VCZHZ,No
5010-IPEAQ,No
4009-ALQFH,No
6383-ZTSIW,No
8990-YOZLV,No
3069-SSVSN,No
5222-IMUKT,Yes
3627-FCRDW,Yes
7562-GSUHK,Yes
6685-XSHHU,No
8901-UPRHR,No
4903-UYAVB,No
0118-JPNOY,No
6776-TLWOI,No
3845-FXCYS,Yes
5857-XRECV,No
0725-CXOTM,No
4343-EJVQB,No
9000-PLFUZ,No
3427-GGZZI,No
7779-ORAEL,No
0644-OQMDK,No
4077-CROMM,No
3154-CFSZG,No
2868-MZAGQ,Yes
4847-QNOKA,No
2220-IAHLS,No
1658-XUHBX,No
6379-RXJRQ,Yes
2378-HTWFW,No
8650-RHRKE,Yes
4377-VDHYI,No
0475-RIJEP,No
1260-TTRXI,Yes
3719-TDVQB,Yes
6328-ZPBGN,No
0201-MIBOL,No
4937-QPZPO,No
2925-VDZHY,No
6981-TDRFT,No
3413-CSSTH,No
8033-VCZGH,No
4789-KWMXN,No
0224-NIJLP,No
7542-CYDDM,No
4718-WXBGI,Yes
2867-UIMSS,No
8495-PRWFH,Yes
0439-IFYUN,No
5716-LIBJC,No
2868-LLSKM,Yes
8111-RKSPX,No
2988-QRAJY,No
1585-MQSSU,No
0071-NDAFP,Yes
2856-NNASM,No
7328-ZJAJO,Yes
6458-CYIDZ,No
8559-CIZFV,No
1090-PYKCI,No
3058-WQDRE,No
7547-EKNFS,Yes
2279-AXJJK,No
6769-DYBQN,No
0909-SELIE,Yes
3417-TSCIC,Yes
1042-HFUCW,No
4439-JMPMT,Yes
6537-OTKMY,Yes
8999-EXMNO,No
6725-TPKJO,Yes
2446-BEGGB,No
7162-WPHPM,No
1599-MMYRQ,Yes
8821-KVZKQ,No
1496-GGSUK,Yes
6434-TTGJP,No
0042-JVWOJ,No
0130-SXOUN,Yes
2575-GFSOE,Yes
2330-PQGDQ,No
1452-UZOSF,No
2097-YVPKN,No
2842-JTCCU,Yes
8597-CTXVJ,Yes
6631-HMANX,Yes
9962-BFPDU,Yes
3296-SILRA,Yes
9681-OXGVC,Yes
6394-HHHZM,No
5995-LFTLE,Yes
5180-UCIIQ,No
1932-UEDCX,Yes
7153-OANIO,No
5188-HGMLP,No
0665-XHDJU,No
6521-YYTYI,Yes
8878-HMWBV,No
8265-HKSOW,Yes
3544-FBCAS,Yes
5331-RGMTT,No
4759-PXTAN,No
7054-DMVAS,No
3428-MMGUB,Yes
6549-BTYPG,No
7823-JSOAG,No
3705-RHRFR,No
9374-YOLBJ,No
9074-KGVOX,No
6128-DAFVY,Yes
9933-QRGTX,No
4476-OSWTN,No
3751-KTZEL,Yes
1977-STDKI,Yes
5066-GFJMM,No
2661-GKBTK,No
0458-HEUZG,No
7268-WNTCP,No
0824-VWDPO,Yes
8409-WQJUX,Yes
2578-JQPHZ,No
3278-FSIXX,No
5813-UECBU,No
0328-GRPMV,No
9746-UGFAC,No
2946-KIQSP,No
0625-AFOHS,No
6726-WEXXK,No
4636-OLWOE,Yes
4342-HENTK,No
4685-ERGHK,No
0885-HMGPY,No
5003-OKNNK,No
4195-SMMNX,Yes
7208-PSIHR,Yes
4012-ZTHBR,No
0489-WMEMG,No
7435-ZNUYY,Yes
1354-YZFNB,No
6956-SMUCM,No
2985-FMWYF,No
2812-ENYMO,Yes
2717-HVIZY,No
3223-WZWJM,No
3422-GALYP,No
9053-JZFKV,No
2530-ENDWQ,No
2890-WFBHU,No
0327-WFZSY,No
7977-HXJKU,Yes
6615-ZGEDR,Yes
7033-CLAMM,No
4023-RTIQM,No
0864-FVJNJ,No
7356-IWLFW,Yes
9541-PWTWO,No
3967-VQOGC,No
7872-RDDLZ,Yes
9250-WYPLL,No
6308-CQRBU,No
2754-XBHTB,No
1597-LHYNC,No
0186-CAERR,No
3043-SUDUA,Yes
5442-BHQNG,Yes
2169-RRLFW,Yes
5872-OEQNH,Yes
3162-KKZXO,Yes
7055-VKGDA,No
0754-UKWQP,No
8873-GLDMH,No
5696-JVVQY,No
8946-BFWSG,No
7493-TPUWZ,No
0547-HURJB,No
8904-OPDCK,Yes
8845-LWKGE,Yes
1577-HKTFG,No
8752-STIVR,No
0691-NIKRI,No
5022-JNQEQ,No
4558-FANTW,Yes
3249-VHRIP,No
3736-BLEPA,No
4701-LKOZD,Yes
6603-QWSPR,Yes
9921-QFQUL,No
1929-ZCBHE,No
4378-MYPGO,No
8651-ENBZX,No
4129-LYCOI,No
7798-JVXYM,No
8647-SDTWQ,No
2696-ECXKC,No
2081-KJSQF,No
7623-TRNQN,No
3323-CPBWR,Yes
9330-IJWIO,No
3384-CTMSF,No
0902-RFHOF,No
9286-DOJGF,No
6048-QBXKL,No
9661-MHUMO,No
7718-RXDGG,No
1025-FALIX,Yes
3451-VAWLI,No
3407-QGWLG,No
1842-EZJMK,Yes
2347-WKKAE,No
8735-DCXNF,Yes
3214-IYUUQ,Yes
1936-UAFEH,No
3587-PMCOY,No
8079-XRJRS,Yes
1027-LKKQQ,No
7148-XZPHA,No
8073-IJDCM,No
5309-TAIKL,No
6856-RAURS,No
8778-LMWTJ,No
9717-IOAAF,Yes
8884-ADFVN,No
2845-KDHVX,No
0848-SOMKO,No
2720-WGKHP,No
6734-FQAJX,No
2869-ADAWR,No
1535-VTJOQ,No
6368-TZZDT,No
0943-ZQPXH,No
1293-BSEUN,No
9894-EZEWG,No
1302-TPUBN,No
7851-FLGGQ,No
0637-UBJRP,No
0940-OUQEC,Yes
2378-VTKDH,Yes
0927-CNGRH,No
8608-OZTLB,No
2335-GSODA,No
1952-DVVSW,No
0702-PGIBZ,Yes
6656-GULJQ,No
9853-JFZDU,Yes
1963-VAUKV,No
3777-XROBG,No
6994-FGRHH,No
4000-VGMQP,Yes
3999-WRNGR,Yes
3466-RITXD,No
2680-XKKNJ,No
3058-HJCUY,No
2974-GGUXS,No
7994-XIRTR,No
3259-FDWOY,No
2101-RANCD,Yes
7921-BEPCI,No
0807-ZABDG,No
8510-TMWYB,No
3258-ZKPAI,No
1428-IEDPR,No
5298-GSTLM,No
4450-YOOHP,No
6728-CZFEI,No
5748-RNCJT,Yes
3653-NCRDJ,Yes
6121-TNHBO,No
5119-NZPTV,No
6519-ZHPXP,No
7739-LAXOG,No
3472-QPRCH,No
8224-UAXBZ,Yes
9610-WCESF,No
9776-CLUJA,No
2486-WYVVE,Yes
3865-ZYKAD,No
1422-DGUBX,No
2999-AANRQ,No
8668-KNZTI,No
0480-KYJVA,No
6034-ZRYCV,No
9746-YKGXB,No
3926-YZVVX,Yes
6000-UKLWI,No
2079-FBMZK,Yes
6332-FBZRI,No
2096-XOTMO,Yes
3266-FTKHB,Yes
8221-EQDGL,Yes
2346-LOCWC,No
6608-QQLVK,No
0298-XACET,No
7560-QJAVJ,No
2995-YWTCD,No
3551-HUAZH,Yes
9137-UIYPG,No
2809-ZMYOQ,No
5084-OOVCJ,No
0254-WWRKD,No
7727-SHVZV,No
6302-JGYRJ,No
5339-PXDVH,No
2205-LPVGL,No
8782-NUUOL,Yes
3685-YLCMQ,Yes
7601-WFVZV,No
4609-KNNWG,No
4868-AADLV,No
9529-OFXHY,No
8634-MPHTR,No
2669-QVCRG,No
2478-EEWWM,Yes
9174-IHETN,No
2233-TXSIU,No
9644-UMGQA,No
3256-EZDBI,No
8761-NSOBC,No
0419-YAAPX,No
8413-VONUO,No
0872-CASZJ,No
4726-DLWQN,No
8164-OCKUJ,No
3094-JOJAI,No
9494-MRNYX,No
2599-CZABP,Yes
7945-PRBVF,No
4544-RXFMG,Yes
0859-YGKFW,No
1150-FTQGN,No
9223-UCPVT,No
7196-LIWRH,No
5448-VWNAM,No
1177-XZBJL,No
3518-FSTWG,No
9330-VOFSZ,No
4351-QLCSU,No
0939-EREMR,No
9389-ACWBI,No
5419-JPRRN,No
3644-QXEHN,No
2911-IJORQ,Yes
5921-NGYRH,No
2100-BDNSN,Yes
5998-DZLYR,Yes
0488-GSLFR,No
9318-NKNFC,Yes
3985-HOYPM,No
9728-FTTVZ,No
9548-LERKT,No
6576-FBXOJ,Yes
4310-KEDTB,Yes
7254-IQWOZ,No
2474-BRUCM,No
4062-HBMOS,No
0742-NXBGR,Yes
2676-ISHSF,Yes
9236-NDUCW,No
4753-PADAS,Yes
6103-QCKFX,No
7781-EWARA,No
6110-OHIHY,No
7018-FPXHH,Yes
5889-LFOLL,Yes
5708-EVONK,Yes
8708-XPXHZ,No
0616-ATFGB,Yes
0572-ZJKLT,No
5135-RDDQL,Yes
1353-LJWEM,No
1794-SWWKL,No
6166-YIPFO,Yes
7016-BPGEU,Yes
6876-ADESB,No
9332-GYWLO,No
1963-SVUCV,Yes
4184-VODJZ,Yes
0220-EBGCE,No
1092-WPIVQ,Yes
7233-IOQNP,No
2834-JKOOW,No
2754-VDLTR,Yes
2400-FEQME,No
3190-XFANI,No
7551-DACSP,Yes
4957-SREEC,No
7235-NXZCP,No
0230-UBYPQ,No
4923-ADWXJ,No
1763-KUAAW,No
1104-TNLZA,No
5195-KPUNQ,No
0520-FDVVT,No
3439-GVUSX,No
1444-VVSGW,No
5712-PTIWW,No
5949-HGVJL,No
5203-XEHAX,No
1635-HDGFT,No
3315-TOTBP,No
8050-XGRVL,No
6661-HBGWL,No
1518-VOWAV,No
9828-QHFBK,No
3908-MKIMJ,Yes
5012-YSPJJ,Yes
5909-ECHUI,No
1309-BXVOQ,No
6728-VOIFY,No
9317-WZPGV,No
4891-NLUBA,No
2856-HYAPG,No
8969-PRHFK,No
0661-KQHNK,No
8709-KRDVL,No
4488-PSYCG,No
1427-VERSM,No
9801-NOSHQ,Yes
6339-YPSAH,Yes
3621-CEOVK,No
6906-ANDWJ,Yes
2159-TURXX,No
1548-FEHVL,No
3795-CAWEX,No
6215-NQCPY,No
5647-URDKA,No
2229-DPMBI,No
9626-WEQRM,No
2188-SXWVT,No
6258-PVZWJ,No
1094-BKOSX,No
6969-MVBAI,No
2978-XXSOG,No
2342-CKIAO,No
6953-PBDIN,No
3898-BSJYF,No
3938-YFPXD,No
7696-AMHOD,No
2453-SAFNS,No
9558-IHEZX,No
9617-UDPEU,No
6340-DACFT,No
4955-VCWBI,Yes
6813-GZQCG,No
7426-GSWPO,No
3389-KTRXV,No
3118-UHVVQ,No
1031-IIDEO,Yes
5832-XKAES,Yes
3205-MXZRA,No
4701-AHWMW,No
8317-BVKSO,No
5702-KVQRD,No
0083-PIVIK,No
9210-IAHGH,No
6169-PGNCD,No
0023-XUOPT,No
4592-IWTJI,No
4909-JOUPP,No
4657-FWVFY,Yes
2257-BOVXD,Yes
7729-JTEEC,No
7632-MNYOY,No
6518-LGAOV,No
7242-QZLXF,No
4576-CSAJH,No
1000-AJSLD,No
9696-RMYBA,No
8690-UPCZI,No
1062-LHZOD,No
9770-LXDBK,No
4086-WITJG,No
8344-WFMFH,No
9600-NAXZN,No
8822-KNBHV,Yes
8404-FYDIB,No
2791-SFVEW,No
6457-USBER,No
6762-NSODU,Yes
4662-EKDPQ,No
9248-OJYKK,No
9888-ZCUMM,No
3398-FSHON,No
3319-DWOEP,No
1074-WVEVG,No
9979-RGMZT,No
6437-UDQJM,Yes
1226-IENZN,Yes
2108-GLPQB,Yes
9259-PACGQ,No
4415-IJZTP,No
1465-VINDH,No
5474-LAMUQ,No
3468-DRVQJ,Yes
1122-YJBCS,No
4990-ALDGW,No
4816-OKWNX,Yes
3315-IKYZQ,No
2810-FTLEM,No
4747-LCAQL,No
3411-WLRSQ,No
0898-XCGTF,No
8006-PYCSW,No
8249-THVEC,No
8722-PRFDV,No
2164-SOQXL,Yes
4020-KIUDI,No
5850-BDWCY,No
2038-YSEZE,Yes
0827-ITJPH,Yes
8799-OXZMD,No
1925-TIBLE,No
1705-GUHPV,Yes
4779-ZGICK,No
0048-PIHNL,No
0818-OCPZO,No
3967-KXAPS,No
1447-GIQMR,No
3704-IEAXF,No
6810-VCAEX,Yes
0674-EYYZV,No
4480-MBMLB,No
1395-OFUWC,No
0822-QGCXA,Yes
0872-NXJYS,No
2832-KJCRD,Yes
3588-WSTTJ,No
4075-WKNIU,Yes
5090-EMGTC,No
2346-CZYIL,Yes
3798-EPWRR,No
6258-NGCNG,No
4186-ZBUEW,Yes
5274-XHAKY,Yes
1442-BQPVU,No
3978-YNKDD,No
4940-KHCWD,Yes
9412-ARGBX,No
1389-CXMLU,No
9589-ABEPT,No
9388-ZEYVT,No
0305-SQECB,No
7605-SNLQG,No
4670-TABXH,No
5561-NWEVX,No
0064-SUDOG,Yes
8561-NMTBD,Yes
5161-XEUVX,No
8292-FRFZQ,No
8591-NXRCV,Yes
7895-VONWT,No
4526-RMTLL,No
6253-GNHWH,Yes
4566-NECEV,No
8080-POTJR,No
6906-MPARY,No
3662-FXJFO,No
8107-RZLNV,No
0516-OOHAR,No
2027-CWDNU,No
2737-WFVYW,No
9912-OMZDS,Yes
3733-ZEECP,No
7878-RTCZG,No
2452-MRMZF,Yes
2272-QAGFO,No
7103-IPXPJ,Yes
4342-HFXWS,No
3545-CNWRG,No
1785-BPHTP,Yes
4989-LIXVT,No
7315-WYOAW,No
1173-XZPYF,No
9850-OWRHQ,Yes
3768-NLUBH,No
8676-TRMJS,Yes
2509-TFPJU,No
9530-GRMJG,No
6898-RBTLU,No
5481-NTDOH,No
2068-WWXQZ,No
7359-SSBJK,No
2061-VVFST,No
0685-MLYYM,No
0749-IRGQE,No
2380-DAMQP,Yes
2256-YLYLP,No
1272-ILHFG,No
0164-XAIRP,No
5666-CYCYZ,No
4011-ARPHK,No
8182-PNAGI,Yes
6365-HITVU,No
7558-IMLMT,No
9488-FYQAU,No
3590-TCXTB,Yes
6994-KERXL,No
7957-RYHQD,Yes
2180-DXNEG,Yes
1960-UOTYM,No
2740-JFBOK,No
6500-JVEGC,No
5515-AKOAJ,Yes
8976-OQHGT,No
5245-VDBUR,No
6230-BSUXY,No
8469-SNFFH,No
2144-ESWKO,Yes
1241-FPMOF,Yes
9928-BZVLZ,Yes
4114-QMKVN,Yes
2775-SEFEE,No
9003-CPATH,No
1754-GKYPY,No
5294-CDGWY,No
7956-XQWGU,No
1591-MQJTP,No
5295-PCJOO,Yes
2369-FEVNO,No
9863-JZAIC,No
7471-MQPOS,No
7660-HDPJV,No
5115-SQAAU,No
9845-QOMAD,No
7672-VFMXZ,Yes
9739-JLPQJ,No
9916-AYHTC,No
3855-ONCAR,No
1488-SYSFC,No
7931-PXHFC,No
3990-QYKBE,No
0970-QXPXW,No
3259-KNMRR,No
6120-RJKLU,No
9572-WUKSB,No
5893-KCLGT,No
0076-LVEPS,No
3640-JQGJG,No
4919-MOAVT,No
1596-OQSPS,No
9867-XOBQA,No
9546-KDTRB,Yes
3090-HAWSU,No
9820-RMCQV,No
3174-RKMOW,Yes
1760-CAZHT,Yes
7839-QRKXN,No
8441-SHIPE,No
5204-QZXPU,Yes
4597-ELFTS,No
1320-GVNHT,No
1047-RNXZV,Yes
3541-ZNUHK,No
8450-JOVAH,No
8725-JEDFD,Yes
7562-UXTPG,Yes
8071-SBTRN,No
1113-IUJYX,No
6668-CNMFP,Yes
5626-MGTUK,Yes
5681-LLOEI,No
8212-DJRCH,No
4323-OHFOW,No
4933-BSAIP,No
2030-BTZRO,No
1116-DXXDF,No
9274-CNFMO,No
7758-XKCBS,No
8992-JQYUN,No
6563-VNPMN,No
0617-AQNWT,Yes
2267-WTPYD,No
0270-THENM,No
2446-PLQVO,No
4707-MAXGU,No
2710-WYVXG,No
3005-NFMTA,No
6300-BWMJX,No
8784-CGILN,No
5389-FFVKB,No
7009-LGECI,No
8444-WRIDW,No
5022-KVDQT,No
7976-CICYS,No
1036-GUDCL,No
2005-DWQZJ,No
8148-WOCMK,No
7815-PDTHL,No
9451-LPGOO,Yes
9173-IVZVP,Yes
9129-UXERG,Yes
3635-JBPSG,Yes
7964-ZRKKG,Yes
5868-YWPDW,No
6229-LSCKB,Yes
2025-JKFWI,Yes
4078-SAYYN,No
1724-IQWNM,Yes
8217-QYOHV,Yes
5546-QUERU,No
9940-HPQPG,Yes
6897-UUBNU,No
6127-IYJOZ,No
6618-RYATB,No
8930-XOTDP,No
5916-QEWPT,No
5060-TQUQN,No
0531-XBKMM,No
8465-SBRXP,No
2408-PSJVE,No
9079-YEXQJ,Yes
9700-ZCLOT,No
8738-JOKAR,Yes
4534-WGCIR,No
1930-WNXSB,No
2685-SREOM,Yes
3508-CFVZL,No
0402-CQAJN,No
6692-UDPJC,No
1273-MTETI,Yes
0657-DOGUM,Yes
5480-HPRRX,No
8792-AOROI,No
0295-PPHDO,Yes
5146-YYFRZ,Yes
1195-OIYEJ,Yes
5906-CVLHP,No
3452-SRFEG,No
4070-OKWVH,No
5297-MDOIR,No
6369-MCAKO,No
4926-UMJZD,No
6848-HJTXY,Yes
6341-AEVKX,No
4501-EQDRN,No
2990-HWIML,Yes
0682-USIXD,Yes
6976-BWGLQ,No
7078-NVFAM,No
8065-QBYTO,No
2133-TSRRM,No
7384-GHBPI,No
7603-USHJS,No
7234-FECYN,Yes
2511-ALLCS,No
3191-CSNMG,No
7952-OBOYL,No
7470-DYNOE,No
7853-OETYL,No
1545-ACTAS,Yes
5876-HZVZM,Yes
1400-MMYXY,No
5126-RCXYW,No
3085-QUOZK,No
2363-BJLSL,Yes
1956-YIFGE,No
3926-CUQZX,No
7921-LMDFQ,No
2925-MXLSX,Yes
5820-PTRYM,No
9609-BENEA,Yes
6211-WHMYA,No
4459-BBGHE,No
9945-PSVIP,Yes
1041-RXHRA,Yes
1750-CSKKM,No
9108-EJFJP,No
0530-IJVDB,Yes
0508-SQWPL,No
2215-ZAFGX,Yes
8213-TAZPM,No
7142-HVGBG,Yes
1304-SEGFY,No
7242-EDTYC,No
2904-GGUAZ,No
8267-ZNYVZ,No
5136-GFPMB,No
2595-KIWPV,No
5243-SAOTC,No
9398-MMQTO,No
7619-PLRLP,No
6457-GIRWB,No
6508-NJYRO,No
1450-SKCVI,No
4710-NKCAW,Yes
5306-BVTKJ,No
0357-NVCRI,No
5570-PTWEH,Yes
2371-KFUOG,Yes
0463-ZSDNT,Yes
6502-MJQAE,No
6257-DTAYD,No
4616-ULAOA,Yes
7693-LCKZL,No
7746-AWNQW,No
5996-EBTKM,No
2758-RNWXS,No
2314-TNDJQ,No
2405-LBMUW,No
3454-JFUBC,No
0032-PGELS,No
9039-ZVJDC,Yes
6797-LNAQX,Yes
9013-AQORL,No
2898-MRKPI,No
2750-BJLSB,No
3648-GZPHF,No
2075-RMJIK,No
9588-YRFHY,Yes
6394-MFYNG,No
1564-NTYXF,Yes
9364-YKUVW,No
5392-AKEMH,No
2451-YMUXS,No
3914-FDRHP,No
3078-ZKNTS,No
1024-KPRBB,No
4690-PKDQG,No
8155-IBNHG,No
0886-QGENL,No
9547-ITEFG,No
1264-FUHCX,Yes
7789-CRUVC,Yes
6598-KELSS,No
8739-WWKDU,No
8685-WHQPW,No
4745-LSPLO,Yes
8083-YTZES,No
7240-FQLHE,No
6664-FPDAC,Yes
9972-VAFJJ,No
0422-UXFAP,No
1904-WAJAA,No
5130-YPIRV,Yes
2843-CQMEG,Yes
6439-PKTRR,No
5351-QESIO,No
0786-VSSUD,Yes
5568-DMXZS,No
8468-FZTOE,No
6633-SYEUS,No
6447-GORXK,No
6967-PEJLL,Yes
3976-BWUCK,No
5981-ZVXOT,No
1684-FLBGS,No
1389-WNUIB,No
0376-OIWME,No
3585-ISXZP,No
0218-QNVAS,No
6583-QGCSI,Yes
0804-YGEQV,Yes
7164-BPTUT,No
4174-LPGTI,No
2523-EWWZL,No
0928-XUTSN,No
2108-XWMPY,Yes
0052-YNYOT,Yes
6304-IJFSQ,No
9586-JGQKH,No
4501-VCPFK,Yes
6075-SLNIL,Yes
9347-AERRL,No
0093-XWZFY,No
2274-XUATA,No
1980-KXVPM,Yes
7703-ZEKEF,No
0723-DRCLG,No
5482-NUPNA,No
6691-CCIHA,No
1685-BQULA,No
9053-EJUNL,Yes
0666-UXTJO,No
1471-GIQKQ,No
4807-IZYOZ,No
1122-JWTJW,No
9710-NJERN,Yes
9837-FWLCH,No
1699-HPSBG,Yes
7203-OYKCT,Yes
1035-IPQPU,No
7398-LXGYX,No
2823-LKABH,No
8775-CEBBJ,Yes
0550-DCXLH,No
9281-CEDRU,Yes
2235-DWLJU,No
0871-OPBXW,No
3605-JISKB,No
6894-LFHLY,No
9767-FFLEM,No
0639-TSIQW,No
8456-QDAVC,No
7750-EYXWZ,Yes
2569-WGERO,No
6840-RESVB,No
2234-XADUH,Yes
4801-JZAZL,No
8361-LTMKD,No
3186-AJIEK,Yes